<?xml version="1.0" encoding="UTF-8"?>
<templates id="template" xml:space="preserve">
    <t t-name="MulitUOMWidget">
        <div class="modal-dialog">
            <div class="popup">
                <p class="title">
                     POS Multi UOM
                </p>
                <div class="content-container ">
                    <t t-if="widget.options.ss_uom_list">
                        <style>
                            .multi_uom_button{
                                transition: all 150ms linear;
                                background: rgb(230,230,230);
                                cursor: pointer;
                            }
                            .multi_uom_button:nth-child(even) {
                                background: rgb(247,247,247);
                            }
                        </style>
                        <div style="height: 277px;overflow: scroll;">
                            <table style="font-size: 16px;width: 100%;line-height: 40px;">
                                <thead>
                                    <tr class='label' style="background: rgb(247,247,247);">
                                        <th>Uom</th>
                                        <th>Price</th>
                                        <th>Ratio</th>
                                    </tr>
                                </thead>
                                <tbody>
                                    <t t-foreach="widget.options.ss_uom_list" t-as="ss_uom">
                                        <tr class="multi_uom_button" t-att-data-uom_id="ss_uom.id" t-att-data-price="ss_uom.price">
                                            <td><t t-esc="ss_uom.name"/></td>
                                            <td><t t-esc="widget.format_currency(ss_uom.price)"/></td>
                                            <td><t t-esc="ss_uom.factor_inv"/>
                                                <t t-esc="widget.options.product.uom_id[1]"/></td>
                                        </tr>
                                    </t>
                                </tbody>
                            </table>
                        </div>
                    </t>
                </div>
                <div class="footer">
                    <div class="button cancel">
                        Cancel
                    </div>
                </div>
            </div>
        </div>
    </t>

    <t t-extend="Orderline">
        <t t-jquery=".info" t-operation="append">
            <t t-if='widget.pos.config.allow_multi_uom'>
                <t t-if="line.get_product().has_multi_uom">
                    <span class="uom-button" style="margin-left: 7px;" t-att-data-id="line.id">
                        <i class="fa fa-tachometer" aria-hidden="true"/>
                    </span>
                </t>
            </t>
        </t>
    </t>

</templates>
